id,brand,is_self,launch_date,days_active,product_cat,theme,headline,body,cta,msrp,rebate,installment,funnel_channel,offer_tag,media_type,media_url,link
2801155520277784,PTC Computer,False,2026-09-21,7,Gaming Rig & Hardware,Consumer Retail,Meta Ad Library...,Ad Library Ad Library Report Ad Library API Branded Content ​ Cambodia ​...,Send Message,$141,N/A,N/A,"https://t.me/+mPtn_rB26NM4NTU9, https://t.me/PTCOnlineSales, https://t.me/SalePTCSiemreap, https://t.me/PTCKeangKeang_ung, https://t.me/PTCComputerCommunity, https://t.me/Nak_PTCComputer, https://t.me/MsKosoma",Active 7d,Video Reel,https://scontent-sea5-1.xx.fbcdn.net/v/t39.35426-6/819068749_1071121958960082_4787306320104936327_n.jpg?_nc_cat=109&ccb=1-7&_nc_sid=c53f8f&_nc_ohc=8upNOv18dTQQ7kNvwH9nCSl&_nc_oc=AdpT3nKQ26ADAfw27Hx5XcZfinfGHXYLAqurJrHAGBmifCkHstZYDCF-LFAJ-WiF45U&_nc_zt=14&_nc_ht=scontent-sea5-1.xx&_nc_gid=QgC9BA5Si3OAlWEEfHrAbg&_nc_ss=7b20f&oh=00_AQMIjUqvudzCUUJX2sWEyBJMBM9Jr7cX7pPU-01aBo0k8w&oe=6ABF982F,https://www.facebook.com/ads/library/?id=2801155520277784
1101926592305200,PTC Computer,False,2026-09-16,12,Gaming Rig & Hardware,Consumer Retail,​...,"Active Library ID: 1101926592305200 Started running on Sep 16, 2026 Platforms ​ ​ ​...",Send Message,N/A,N/A,N/A,Messenger Direct,Active 12d,Video Reel,https://scontent-sea5-1.xx.fbcdn.net/v/t39.35426-6/811962732_2167722377493016_4443027585169140457_n.jpg?_nc_cat=106&ccb=1-7&_nc_sid=c53f8f&_nc_ohc=NSWF579IC6cQ7kNvwF0plC5&_nc_oc=AdqvLVc8XzYk7wHIZ1kulblNHOCQRh_W4wKKlGc-D1hqNJJ7WxuZcLyROxHCeYhTwJQ&_nc_zt=14&_nc_ht=scontent-sea5-1.xx&_nc_gid=QgC9BA5Si3OAlWEEfHrAbg&_nc_ss=7b20f&oh=00_AQMEPVyv_C4aNOzcL5cVSqvFRZ5hYaGMdJEWjV2gKZiLMA&oe=6ABF7978,https://www.facebook.com/ads/library/?id=1101926592305200
1574650060303023,PTC Computer,False,2026-09-22,6,Gaming Rig & Hardware,Consumer Retail,​...,"Active Library ID: 1574650060303023 Started running on Sep 22, 2026 Platforms ​ ​ ​...",Send Message,N/A,N/A,N/A,Messenger Direct,Active 6d,Static Image,https://scontent-sea5-1.xx.fbcdn.net/v/t39.35426-6/818977260_1575477950406830_9026412405990272039_n.jpg?stp=dst-jpg_s600x600_tt6&_nc_cat=105&ccb=1-7&_nc_sid=c53f8f&_nc_ohc=pBPXiyX-RTIQ7kNvwHRitSh&_nc_oc=AdpNaUNa5eC6HAiTl7dRaRi1_6Y0p4valgnzpeZccfsgUHgAlTjHJ4t-RR83OTLRKxg&_nc_zt=14&_nc_ht=scontent-sea5-1.xx&_nc_gid=QgC9BA5Si3OAlWEEfHrAbg&_nc_ss=7b20f&oh=00_AQPs2gYArBrJ5G22ci6nIywRzSQJPsiRlryw3UtWYCvJ0Q&oe=6ABF867C,https://www.facebook.com/ads/library/?id=1574650060303023
1080255001168515,PTC Computer,False,2026-09-02,26,Commercial / Student Laptop,Consumer Retail,​...,"Active Library ID: 1080255001168515 Started running on Sep 2, 2026 Platforms ​ ​ ​...",Send Message,$141,N/A,N/A,Messenger Direct,Active 26d,Video Reel,https://scontent-sea5-1.xx.fbcdn.net/v/t39.35426-6/773739057_2497090030769868_8206182358903950_n.jpg?_nc_cat=101&ccb=1-7&_nc_sid=c53f8f&_nc_ohc=n_l51rpwq44Q7kNvwFAEaxo&_nc_oc=AdqruAaWoDmihvO_8GXzIzbfnf2oapFeQ_MTMNBjFq4EvM7BommWY1VRGxkhriEFm8U&_nc_zt=14&_nc_ht=scontent-sea5-1.xx&_nc_gid=QgC9BA5Si3OAlWEEfHrAbg&_nc_ss=7b20f&oh=00_AQOtvhtU68EP2ISmbSrT4M2_OzeA1sif_Zf-b97-JE9FZQ&oe=6ABF78F4,https://www.facebook.com/ads/library/?id=1080255001168515
1017271478015247,PTC Computer,False,2026-09-03,25,Commercial / Student Laptop,Consumer Retail,​...,"Active Library ID: 1017271478015247 Started running on Sep 3, 2026 Platforms ​ ​ ​...",Send Message,N/A,N/A,N/A,Messenger Direct,Active 25d,Video Reel,https://scontent-sea5-1.xx.fbcdn.net/v/t39.35426-6/766797838_1565446581738207_2367216261567335834_n.jpg?_nc_cat=109&ccb=1-7&_nc_sid=c53f8f&_nc_ohc=ysup_YUMEo0Q7kNvwHrXSJc&_nc_oc=Adp43SJq4f2dOE2We7tLeqY3F4A4a-KI7S_T15RshcGsbgpfOwpdRWYeh6lK19JD_j0&_nc_zt=14&_nc_ht=scontent-sea5-1.xx&_nc_gid=QgC9BA5Si3OAlWEEfHrAbg&_nc_ss=7b20f&oh=00_AQNp6fghwPAQ022tD993GqNgeA9WVzHCvCvCRngWwyqgrg&oe=6ABF6DD7,https://www.facebook.com/ads/library/?id=1017271478015247
2913251489028090,PTC Computer,False,2026-09-22,6,Commercial / Student Laptop,Consumer Retail,​...,"Active Library ID: 2913251489028090 Started running on Sep 22, 2026 Platforms ​ ​ ​...",Send Message,N/A,N/A,N/A,"https://t.me/+mPtn_rB26NM4NTU9, https://t.me/PTCOnlineSales, https://t.me/SalePTCSiemreap, https://t.me/PTCKeangKeang_ung, https://t.me/PTCComputerCommunity, https://t.me/Nak_PTCComputer, https://t.me/MsKosoma",Active 6d,Static Image,https://scontent-sea5-1.xx.fbcdn.net/v/t39.35426-6/820097664_2103605283569227_1555915624379008432_n.jpg?stp=dst-jpg_s600x600_tt6&_nc_cat=101&ccb=1-7&_nc_sid=c53f8f&_nc_ohc=4FVCweNEGFcQ7kNvwFg6lTO&_nc_oc=AdoaQeuRp4Jh6tW_hcSBLiFVZHTu5ZpXoLvyUq5_psMaRJFinMN_GcH46yh9lq-PgY0&_nc_zt=14&_nc_ht=scontent-sea5-1.xx&_nc_gid=QgC9BA5Si3OAlWEEfHrAbg&_nc_ss=7b20f&oh=00_AQN0aBeUVrpxjcadBN1KP_87ZLlE0q5Oe7PqB9eIZjvjOg&oe=6ABF8468,https://www.facebook.com/ads/library/?id=2913251489028090
913595675166546,PTC Computer,False,2026-09-22,6,Commercial / Student Laptop,Consumer Retail,​...,"Active Library ID: 913595675166546 Started running on Sep 22, 2026 Platforms ​ ​ ​...",Send Message,N/A,N/A,N/A,"https://t.me/+mPtn_rB26NM4NTU9, https://t.me/PTCOnlineSales, https://t.me/SalePTCSiemreap, https://t.me/PTCKeangKeang_ung, https://t.me/PTCComputerCommunity, https://t.me/Nak_PTCComputer, https://t.me/MsKosoma",Active 6d,Static Image,https://scontent-sea5-1.xx.fbcdn.net/v/t39.35426-6/818063836_2672961123125692_3984112023070341130_n.jpg?stp=dst-jpg_s600x600_tt6&_nc_cat=111&ccb=1-7&_nc_sid=c53f8f&_nc_ohc=kmmZq2lXhHkQ7kNvwGgb5wX&_nc_oc=AdpJOHi6Pe2UvEEpJJMmBHWmvIcW4eBIsOPMewCJ2vr4l8SvEdMVRVgBFyI1HvUUF0k&_nc_zt=14&_nc_ht=scontent-sea5-1.xx&_nc_gid=QgC9BA5Si3OAlWEEfHrAbg&_nc_ss=7b20f&oh=00_AQNdCq6bZnLLQ31QUCCGGlui4XivMX_x7lI-IJn4x2y0lw&oe=6ABF8F0F,https://www.facebook.com/ads/library/?id=913595675166546
1465938135590041,PTC Computer,False,2026-09-22,6,Commercial / Student Laptop,Consumer Retail,​...,"Active Library ID: 1465938135590041 Started running on Sep 22, 2026 Platforms ​ ​ ​...",Send Message,N/A,N/A,N/A,"https://t.me/+mPtn_rB26NM4NTU9, https://t.me/PTCOnlineSales, https://t.me/SalePTCSiemreap, https://t.me/PTCKeangKeang_ung, https://t.me/PTCComputerCommunity, https://t.me/Nak_PTCComputer, https://t.me/MsKosoma",Active 6d,Static Image,https://scontent-sea5-1.xx.fbcdn.net/v/t39.35426-6/819031155_2168895200713317_1811775039558745366_n.jpg?stp=dst-jpg_s600x600_tt6&_nc_cat=108&ccb=1-7&_nc_sid=c53f8f&_nc_ohc=DYnH5ATeYbgQ7kNvwHf8hr5&_nc_oc=AdqPEmJxgu359PWaqC_liGlgDEpczE85zCPvSsVWJGiF5truR8nIJoUJL2kQy8Olbc4&_nc_zt=14&_nc_ht=scontent-sea5-1.xx&_nc_gid=QgC9BA5Si3OAlWEEfHrAbg&_nc_ss=7b20f&oh=00_AQO2qWmvs6wFigIxMIwwINgB4g2fo2e-YxIgNWAkx37WfA&oe=6ABF945F,https://www.facebook.com/ads/library/?id=1465938135590041
2934064066945349,PTC Computer,False,2026-09-22,6,Commercial / Student Laptop,Consumer Retail,​...,"Active Library ID: 2934064066945349 Started running on Sep 22, 2026 Platforms ​ ​ ​...",Send Message,N/A,N/A,N/A,"https://t.me/+mPtn_rB26NM4NTU9, https://t.me/PTCOnlineSales, https://t.me/SalePTCSiemreap, https://t.me/PTCKeangKeang_ung, https://t.me/PTCComputerCommunity, https://t.me/Nak_PTCComputer, https://t.me/MsKosoma",Active 6d,Static Image,https://scontent-sea5-1.xx.fbcdn.net/v/t39.35426-6/820291839_28553672564241889_99298941353532863_n.jpg?stp=dst-jpg_s600x600_tt6&_nc_cat=107&ccb=1-7&_nc_sid=c53f8f&_nc_ohc=lxdHpvvDRbAQ7kNvwHgV9Dd&_nc_oc=AdpLREdhnQ9hT25dQ0uwKEDypE7ZApl0nQSdGCn9J6gpWakZHCz-XGiajPiYOHL-dcA&_nc_zt=14&_nc_ht=scontent-sea5-1.xx&_nc_gid=QgC9BA5Si3OAlWEEfHrAbg&_nc_ss=7b20f&oh=00_AQNykCO8UzZTFjj5brxAmKPMTRoRm9WDN5tEpYOXm5NrTQ&oe=6ABF6FA1,https://www.facebook.com/ads/library/?id=2934064066945349
2159317111601379,PTC Computer,False,2026-09-21,7,Gaming Rig & Hardware,Consumer Retail,​...,"Active Library ID: 2159317111601379 Started running on Sep 21, 2026 Platforms ​ ​ ​...",Send Message,N/A,N/A,N/A,Messenger Direct,Active 7d,Video Reel,https://scontent-sea5-1.xx.fbcdn.net/v/t39.35426-6/796528218_1070290949100941_4649870837265962330_n.jpg?_nc_cat=103&ccb=1-7&_nc_sid=c53f8f&_nc_ohc=r62WnymhNScQ7kNvwHLFeKM&_nc_oc=AdoNlCUxeWWpd2LiOq-vsNmSFkoYKdiHGvAvh1s-DvnYKUCjwA1qvsJl3SltEtmLUcY&_nc_zt=14&_nc_ht=scontent-sea5-1.xx&_nc_gid=QgC9BA5Si3OAlWEEfHrAbg&_nc_ss=7b20f&oh=00_AQP4Vkhex1HgdIGqCsEINnwT0BiK4X5eISPhzAng2GylGQ&oe=6ABF9ADA,https://www.facebook.com/ads/library/?id=2159317111601379
2315049529232214,PTC Computer,False,2026-09-22,6,Gaming Rig & Hardware,Consumer Retail,​...,"Active Library ID: 2315049529232214 Started running on Sep 22, 2026 Platforms ​ ​ ​...",Send Message,N/A,N/A,N/A,"https://t.me/+mPtn_rB26NM4NTU9, https://t.me/PTCOnlineSales, https://t.me/SalePTCSiemreap, https://t.me/PTCKeangKeang_ung, https://t.me/PTCComputerCommunity, https://t.me/Nak_PTCComputer, https://t.me/MsKosoma",Active 6d,Static Image,https://scontent-sea5-1.xx.fbcdn.net/v/t39.35426-6/818954428_1902433444063187_5394681842043774352_n.jpg?stp=dst-jpg_s600x600_tt6&_nc_cat=101&ccb=1-7&_nc_sid=c53f8f&_nc_ohc=PAuIM4epKUYQ7kNvwGSVNFc&_nc_oc=AdrYuDT-KtogP7hKHtnjfQ65VwlSSjopxwecnpr-PjE84irR2CmgMKFMjA8UEDPCdww&_nc_zt=14&_nc_ht=scontent-sea5-1.xx&_nc_gid=QgC9BA5Si3OAlWEEfHrAbg&_nc_ss=7b20f&oh=00_AQMU4AKD0QWh63kxAoix6gyRbOOI-wB4MMGM6B_FUVXHnA&oe=6ABF7F0B,https://www.facebook.com/ads/library/?id=2315049529232214
1085583567165463,PTC Computer,False,2026-09-22,6,Gaming Rig & Hardware,Consumer Retail,​...,"Active Library ID: 1085583567165463 Started running on Sep 22, 2026 Platforms ​ ​ ​...",Send Message,N/A,N/A,N/A,"https://t.me/+mPtn_rB26NM4NTU9, https://t.me/PTCOnlineSales, https://t.me/SalePTCSiemreap, https://t.me/PTCKeangKeang_ung, https://t.me/PTCComputerCommunity, https://t.me/Nak_PTCComputer, https://t.me/MsKosoma",Active 6d,Static Image,https://scontent-sea5-1.xx.fbcdn.net/v/t39.35426-6/796833502_1072845655449162_8694036136041269902_n.jpg?stp=dst-jpg_s600x600_tt6&_nc_cat=107&ccb=1-7&_nc_sid=c53f8f&_nc_ohc=2pBddyvrqFQQ7kNvwF9QkxE&_nc_oc=AdoS-Q_2Kf28Oy_6Mw3ZIDpvoQ43qrZf1CElqjIOcwuG6hNgxfU4uOfjezJWWdgOmNg&_nc_zt=14&_nc_ht=scontent-sea5-1.xx&_nc_gid=QgC9BA5Si3OAlWEEfHrAbg&_nc_ss=7b20f&oh=00_AQNVJncgdK93vyPpK_FNR-d1vWndf5VW8bIOa_8FWEyiTg&oe=6ABF9620,https://www.facebook.com/ads/library/?id=1085583567165463
928841529771826,PTC Computer,False,2026-09-03,25,Gaming Rig & Hardware,Consumer Retail,​...,"Active Library ID: 928841529771826 Started running on Sep 3, 2026 Platforms ​ ​ ​...",Send Message,N/A,N/A,N/A,Messenger Direct,Active 25d,Video Reel,https://scontent-sea5-1.xx.fbcdn.net/v/t39.35426-6/774042544_1790230725238038_7421281545080088081_n.jpg?_nc_cat=110&ccb=1-7&_nc_sid=c53f8f&_nc_ohc=h7GtBfNDUxUQ7kNvwHH2vCV&_nc_oc=AdqEoMpZIori6a-hkWdypeoJFRjK4WIqU_R3DhOsx37xxnNW8M6hAUq3vvqgqPAV3uA&_nc_zt=14&_nc_ht=scontent-sea5-1.xx&_nc_gid=QgC9BA5Si3OAlWEEfHrAbg&_nc_ss=7b20f&oh=00_AQNh6p5BiqYH7hRTQb2FGgLEFQI021DACgpk_hknjsSvaA&oe=6ABF7E07,https://www.facebook.com/ads/library/?id=928841529771826
29076477021957750,PTC Computer,False,2026-09-22,6,Commercial / Student Laptop,Consumer Retail,​...,"Active Library ID: 29076477021957750 Started running on Sep 22, 2026 Platforms ​ ​ ​...",Send Message,N/A,N/A,N/A,"https://t.me/+mPtn_rB26NM4NTU9, https://t.me/PTCOnlineSales, https://t.me/SalePTCSiemreap, https://t.me/PTCKeangKeang_ung, https://t.me/PTCComputerCommunity, https://t.me/Nak_PTCComputer, https://t.me/MsKosoma",Active 6d,Static Image,https://scontent-sea5-1.xx.fbcdn.net/v/t39.35426-6/819207761_1402172511890936_2093877680433616106_n.jpg?stp=dst-jpg_s600x600_tt6&_nc_cat=108&ccb=1-7&_nc_sid=c53f8f&_nc_ohc=H1vJJ6Rz2e8Q7kNvwGxDAfO&_nc_oc=AdqeYvd92_16DaJsPsR0bk3F_NZsBXfoW2xXM0fP0GDEMtAe-jCALypSxP085gIVcdM&_nc_zt=14&_nc_ht=scontent-sea5-1.xx&_nc_gid=QgC9BA5Si3OAlWEEfHrAbg&_nc_ss=7b20f&oh=00_AQM4-fQDNiYEkz8M6JSDamLS3hXXVUwGyQv9NC1qO5-eGQ&oe=6ABF7D34,https://www.facebook.com/ads/library/?id=29076477021957750
1122654867108759,PSC Computer,False,2026-09-25,3,Gaming Rig & Hardware,Consumer Retail,Meta Ad Library...,Ad Library Ad Library Report Ad Library API Branded Content ​ Cambodia ​...,Send Message,N/A,N/A,N/A,https://t.me/PSCCOMPUTER,Active 3d,Video Reel,https://scontent-sea5-1.xx.fbcdn.net/v/t39.35426-6/807484636_2639566249824279_5404492455172908170_n.jpg?_nc_cat=102&ccb=1-7&_nc_sid=c53f8f&_nc_ohc=cYKRTBymydgQ7kNvwFjw_BP&_nc_oc=AdoXoFyYiF15w_G8p0kvkK37W1sFPrBeicIkmvXS_vP_Q1uYVhvPfksKS-PgNBbuqoA&_nc_zt=14&_nc_ht=scontent-sea5-1.xx&_nc_gid=ld_QR5ddDG1joYIK8f-Qbg&_nc_ss=7b20f&oh=00_AQOnq0_XfpuIUnRrBNcoxoEizTLLJsIeCmWVRHvvpE7uog&oe=6ABF6BA3,https://www.facebook.com/ads/library/?id=1122654867108759
